{"stats":{"minecraft:used":{"minecraft:dandelion":1},"minecraft:mined":{"minecraft:tall_grass":5,"minecraft:grass":25,"minecraft:dandelion":1},"minecraft:custom":{"minecraft:jump":34,"minecraft:time_since_rest":924,"minecraft:crouch_one_cm":13,"minecraft:play_one_minute":924,"minecraft:leave_game":1,"minecraft:sprint_one_cm":3225,"minecraft:time_since_death":924,"minecraft:walk_one_cm":402,"minecraft:sneak_time":11,"minecraft:fall_one_cm":627,"minecraft:fly_one_cm":7425},"minecraft:picked_up":{"minecraft:dandelion":1}},"DataVersion":2586}