{"stats":{"minecraft:custom":{"minecraft:jump":2,"minecraft:time_since_rest":1158,"minecraft:crouch_one_cm":1105,"minecraft:sprint_one_cm":437,"minecraft:play_time":1158,"minecraft:time_since_death":1158,"minecraft:walk_one_cm":1281,"minecraft:sneak_time":211,"minecraft:total_world_time":1158,"minecraft:fall_one_cm":269,"minecraft:fly_one_cm":293},"minecraft:mined":{"minecraft:grass_block":2,"minecraft:oak_log":3,"minecraft:oak_leaves":6},"minecraft:picked_up":{"minecraft:stick":2,"minecraft:oak_log":3,"minecraft:dirt":2}},"DataVersion":3465}